@T,table
Created,2017-04-10 07:58
Author,HortonMachine library
@H,timestamp,value_20
ID,,20
Type,Date,Double
Format,yyyy-MM-dd HH:mm,
,1994-01-01 00:00,0.529103040438166
,1994-01-02 00:00,0.460368225442426
,1994-01-03 00:00,0.519480934843582
,1994-01-04 00:00,0.502118603552433
,1994-01-05 00:00,0.524341114397375
,1994-01-06 00:00,0.353296326740761
,1994-01-07 00:00,0.442633004258735
,1994-01-08 00:00,0.588176869258122
,1994-01-09 00:00,0.546118841791742
,1994-01-10 00:00,0.59793253741245
,1994-01-11 00:00,0.624742309381996
,1994-01-12 00:00,0.649560589515363
,1994-01-13 00:00,0.712453589552398
,1994-01-14 00:00,0.661517880677579
,1994-01-15 00:00,0.617689425901981
,1994-01-16 00:00,0.662642434624213
,1994-01-17 00:00,0.633275389585623
,1994-01-18 00:00,0.675723457063195
,1994-01-19 00:00,0.676016279150096
,1994-01-20 00:00,0.692453283851505
,1994-01-21 00:00,0.732153186780094
,1994-01-22 00:00,0.74909220564586
,1994-01-23 00:00,0.836926902301086
,1994-01-24 00:00,0.736924614131849
,1994-01-25 00:00,0.784824364058941
,1994-01-26 00:00,0.792873392017825
,1994-01-27 00:00,0.848362268194456
,1994-01-28 00:00,0.837861331405536
,1994-01-29 00:00,0.784564173815339
,1994-01-30 00:00,0.810349850612284
,1994-01-31 00:00,0.853557028705551
,1994-02-01 00:00,0.882408063294399
,1994-02-02 00:00,0.851693338137212
,1994-02-03 00:00,0.838705017231518
,1994-02-04 00:00,0.8952807815659
,1994-02-05 00:00,0.894731625642323
,1994-02-06 00:00,0.947736924418187
,1994-02-07 00:00,1.03192524546527
,1994-02-08 00:00,0.950055215868397
,1994-02-09 00:00,1.02764738742875
,1994-02-10 00:00,0.971571432673851
,1994-02-11 00:00,1.02949580545517
,1994-02-12 00:00,0.989060210955432
,1994-02-13 00:00,0.863546779699525
,1994-02-14 00:00,0.837787646648554
,1994-02-15 00:00,0.839035258115896
,1994-02-16 00:00,0.817771856971613
,1994-02-17 00:00,0.818504733426088
,1994-02-18 00:00,1.02869816946218
,1994-02-19 00:00,1.13857013503387
,1994-02-20 00:00,1.02823440976694
,1994-02-21 00:00,1.1889077342041
,1994-02-22 00:00,1.16676595695467
,1994-02-23 00:00,1.12439082018391
,1994-02-24 00:00,1.16251099677546
,1994-02-25 00:00,1.37220128087082
,1994-02-26 00:00,1.36434465756627
,1994-02-27 00:00,1.21827709280205
,1994-02-28 00:00,1.25695797912789
,1994-03-01 00:00,1.32798884708232
,1994-03-02 00:00,1.45590320677496
,1994-03-03 00:00,1.49910767559708
,1994-03-04 00:00,1.57266467132087
,1994-03-05 00:00,1.51762722092122
,1994-03-06 00:00,1.54596891581417
,1994-03-07 00:00,1.63108398036611
,1994-03-08 00:00,1.65640256041526
,1994-03-09 00:00,1.79909601372649
,1994-03-10 00:00,1.82258750700787
,1994-03-11 00:00,1.75970540207678
,1994-03-12 00:00,1.79623744822911
,1994-03-13 00:00,1.67221283149917
,1994-03-14 00:00,1.80516034022547
,1994-03-15 00:00,1.70613788058359
,1994-03-16 00:00,1.78919789553882
,1994-03-17 00:00,2.02885037759629
,1994-03-18 00:00,1.90507521115511
,1994-03-19 00:00,1.94160797809146
,1994-03-20 00:00,2.06459791874
,1994-03-21 00:00,2.09266284003496
,1994-03-22 00:00,2.16090734169729
,1994-03-23 00:00,2.15791776748699
,1994-03-24 00:00,2.09593903664379
,1994-03-25 00:00,2.11871007227446
,1994-03-26 00:00,2.0570338301407
,1994-03-27 00:00,2.08885025197892
,1994-03-28 00:00,2.02471583843211
,1994-03-29 00:00,2.26326925224071
,1994-03-30 00:00,2.39079635092703
,1994-03-31 00:00,2.35493615346938
,1994-04-01 00:00,2.15392653417213
,1994-04-02 00:00,2.16000021240675
,1994-04-03 00:00,2.07412114661521
,1994-04-04 00:00,2.1761823448684
,1994-04-05 00:00,1.79865471571947
,1994-04-06 00:00,2.25253212722196
,1994-04-07 00:00,2.28965363089293
,1994-04-08 00:00,2.25037372171703
,1994-04-09 00:00,2.12985161503816
,1994-04-10 00:00,2.08124324987144
,1994-04-11 00:00,2.07310419260035
,1994-04-12 00:00,2.3099316320509
,1994-04-13 00:00,2.3843357039975
,1994-04-14 00:00,2.37817267405287
,1994-04-15 00:00,2.23883462887405
,1994-04-16 00:00,2.27568501083692
,1994-04-17 00:00,2.40381056483823
,1994-04-18 00:00,2.47138631194379
,1994-04-19 00:00,2.26171339022744
,1994-04-20 00:00,2.5671141949927
,1994-04-21 00:00,2.67607633684954
,1994-04-22 00:00,2.750307717575
,1994-04-23 00:00,2.82667897295148
,1994-04-24 00:00,2.86161339226601
,1994-04-25 00:00,2.45787584321428
,1994-04-26 00:00,2.84041743246336
,1994-04-27 00:00,3.03353485558589
,1994-04-28 00:00,3.09363168376263
,1994-04-29 00:00,3.12768947157358
,1994-04-30 00:00,3.15232618891768
,1994-05-01 00:00,3.15010421911692
,1994-05-02 00:00,2.94783494173683
,1994-05-03 00:00,2.89592317394997
,1994-05-04 00:00,3.08132653205849
,1994-05-05 00:00,2.67138522503064
,1994-05-06 00:00,3.04684355996521
,1994-05-07 00:00,3.08031136432954
,1994-05-08 00:00,3.09185388005678
,1994-05-09 00:00,3.08061836562333
,1994-05-10 00:00,3.20131498306513
,1994-05-11 00:00,2.68202601338759
,1994-05-12 00:00,2.95009283199607
,1994-05-13 00:00,3.03652119999099
,1994-05-14 00:00,2.85236875588027
,1994-05-15 00:00,3.22999076534196
,1994-05-16 00:00,3.25372611856201
,1994-05-17 00:00,3.24391679468673
,1994-05-18 00:00,2.93499018393677
,1994-05-19 00:00,3.142457016011
,1994-05-20 00:00,2.89567704591169
,1994-05-21 00:00,3.03237173222075
,1994-05-22 00:00,3.26208309944571
,1994-05-23 00:00,3.3207681390254
,1994-05-24 00:00,3.38920838034281
,1994-05-25 00:00,3.45510662222816
,1994-05-26 00:00,3.38158069179007
,1994-05-27 00:00,3.3669366232527
,1994-05-28 00:00,3.32252122236649
,1994-05-29 00:00,3.3868916043861
,1994-05-30 00:00,3.30740494388088
,1994-05-31 00:00,3.37697933052048
,1994-06-01 00:00,3.52969045071415
,1994-06-02 00:00,3.49659117231957
,1994-06-03 00:00,3.50207389119991
,1994-06-04 00:00,3.41329063897332
,1994-06-05 00:00,3.46538419264166
,1994-06-06 00:00,3.47928281827527
,1994-06-07 00:00,3.48225938073303
,1994-06-08 00:00,3.48941638561288
,1994-06-09 00:00,3.26256588135213
,1994-06-10 00:00,3.0360375476664
,1994-06-11 00:00,2.96781667769291
,1994-06-12 00:00,2.992866690665
,1994-06-13 00:00,3.15949072729702
,1994-06-14 00:00,3.51504694046669
,1994-06-15 00:00,3.55085662922038
,1994-06-16 00:00,3.52327515609736
,1994-06-17 00:00,3.48841416029443
,1994-06-18 00:00,3.52328147590103
,1994-06-19 00:00,3.57773139643996
,1994-06-20 00:00,3.45366219764866
,1994-06-21 00:00,3.2619010415295
,1994-06-22 00:00,3.71534438779736
,1994-06-23 00:00,3.77489016021459
,1994-06-24 00:00,3.74559055166867
,1994-06-25 00:00,3.74744060693991
,1994-06-26 00:00,3.78862514368693
,1994-06-27 00:00,3.48040938477804
,1994-06-28 00:00,3.70352942021675
,1994-06-29 00:00,3.74708459693175
,1994-06-30 00:00,3.85605856901441
,1994-07-01 00:00,3.80454083100059
,1994-07-02 00:00,3.77880017010231
,1994-07-03 00:00,3.79665543182007
,1994-07-04 00:00,3.83890859212545
,1994-07-05 00:00,3.79240770431879
,1994-07-06 00:00,3.76104428788712
,1994-07-07 00:00,3.74277680333711
,1994-07-08 00:00,3.42066455989221
,1994-07-09 00:00,3.57169439649161
,1994-07-10 00:00,3.66781778536679
,1994-07-11 00:00,3.64031294712095
,1994-07-12 00:00,3.69312561443999
,1994-07-13 00:00,3.6582814585985
,1994-07-14 00:00,3.69028382356114
,1994-07-15 00:00,3.65687490412402
,1994-07-16 00:00,3.71433501507614
,1994-07-17 00:00,4.06128302326648
,1994-07-18 00:00,3.73473947889311
,1994-07-19 00:00,3.51291310404682
,1994-07-20 00:00,3.32039813941246
,1994-07-21 00:00,3.50325005876065
,1994-07-22 00:00,3.62077649738537
,1994-07-23 00:00,3.65350074487874
,1994-07-24 00:00,3.65826093232889
,1994-07-25 00:00,3.66999856515895
,1994-07-26 00:00,3.63598443599257
,1994-07-27 00:00,3.64069998292831
,1994-07-28 00:00,3.52529137662878
,1994-07-29 00:00,3.63802238537737
,1994-07-30 00:00,3.61879930033993
,1994-07-31 00:00,3.59762481283248
,1994-08-01 00:00,3.60925125955869
,1994-08-02 00:00,3.61191113075717
,1994-08-03 00:00,3.65357215027828
,1994-08-04 00:00,3.66774910775784
,1994-08-05 00:00,3.65539439434267
,1994-08-06 00:00,3.43066858892761
,1994-08-07 00:00,3.57326837031373
,1994-08-08 00:00,3.3361737139166
,1994-08-09 00:00,3.49989128676809
,1994-08-10 00:00,3.47629235050855
,1994-08-11 00:00,3.49507297676711
,1994-08-12 00:00,3.39620722763026
,1994-08-13 00:00,3.36047796017642
,1994-08-14 00:00,3.26754396769382
,1994-08-15 00:00,3.3190640459286
,1994-08-16 00:00,3.33985907797758
,1994-08-17 00:00,3.24307132236473
,1994-08-18 00:00,3.30744652670774
,1994-08-19 00:00,3.23435257175828
,1994-08-20 00:00,3.26953835063009
,1994-08-21 00:00,3.28973429855583
,1994-08-22 00:00,3.30827166617157
,1994-08-23 00:00,3.29505686319491
,1994-08-24 00:00,3.10228420565121
,1994-08-25 00:00,2.97205339428487
,1994-08-26 00:00,3.13229169049743
,1994-08-27 00:00,3.10943561332747
,1994-08-28 00:00,3.11223516137076
,1994-08-29 00:00,3.07436165533828
,1994-08-30 00:00,2.98391524971717
,1994-08-31 00:00,2.93131571151421
,1994-09-01 00:00,2.93113075370923
,1994-09-02 00:00,2.61059890401388
,1994-09-03 00:00,2.85311563366554
,1994-09-04 00:00,2.83571617271552
,1994-09-05 00:00,2.82626907831621
,1994-09-06 00:00,2.79480839151048
,1994-09-07 00:00,2.77606060548433
,1994-09-08 00:00,2.72074842729148
,1994-09-09 00:00,2.69662315408579
,1994-09-10 00:00,2.63595569889096
,1994-09-11 00:00,2.65663963441908
,1994-09-12 00:00,2.6458530928505
,1994-09-13 00:00,2.56151130607006
,1994-09-14 00:00,2.30730616087168
,1994-09-15 00:00,2.28086621117854
,1994-09-16 00:00,2.23342534065499
,1994-09-17 00:00,2.30758577799403
,1994-09-18 00:00,2.01435500567145
,1994-09-19 00:00,2.16759560925498
,1994-09-20 00:00,2.23781893278692
,1994-09-21 00:00,2.15706833728159
,1994-09-22 00:00,2.28966520296737
,1994-09-23 00:00,2.38688482865098
,1994-09-24 00:00,2.35196904899029
,1994-09-25 00:00,2.33640080432035
,1994-09-26 00:00,2.219787322848
,1994-09-27 00:00,2.02183989068644
,1994-09-28 00:00,2.00061553181215
,1994-09-29 00:00,1.99483286057922
,1994-09-30 00:00,1.95657740423472
,1994-10-01 00:00,1.98050527692137
,1994-10-02 00:00,1.93316055827688
,1994-10-03 00:00,1.82687511921922
,1994-10-04 00:00,1.83517066632011
,1994-10-05 00:00,1.66138264480105
,1994-10-06 00:00,1.60491757134582
,1994-10-07 00:00,1.51744799565079
,1994-10-08 00:00,1.36422665419424
,1994-10-09 00:00,1.45743828564547
,1994-10-10 00:00,1.56841434390456
,1994-10-11 00:00,1.65055699974138
,1994-10-12 00:00,1.68663938464146
,1994-10-13 00:00,1.70646807368169
,1994-10-14 00:00,1.68454396955132
,1994-10-15 00:00,1.6375346473115
,1994-10-16 00:00,1.60470111862033
,1994-10-17 00:00,1.60828231894968
,1994-10-18 00:00,1.34272981165655
,1994-10-19 00:00,1.34918633473519
,1994-10-20 00:00,1.37124216014593
,1994-10-21 00:00,1.37717480094
,1994-10-22 00:00,1.36066153302576
,1994-10-23 00:00,1.22785819755999
,1994-10-24 00:00,1.36384676529175
,1994-10-25 00:00,1.26093903604493
,1994-10-26 00:00,1.24863745176293
,1994-10-27 00:00,1.21836469318861
,1994-10-28 00:00,1.1123490233183
,1994-10-29 00:00,1.18058116450177
,1994-10-30 00:00,1.19280158100982
,1994-10-31 00:00,1.13462045719755
,1994-11-01 00:00,1.14702859015849
,1994-11-02 00:00,1.15991290460599
,1994-11-03 00:00,1.14786292888544
,1994-11-04 00:00,1.10490306079485
,1994-11-05 00:00,1.07094374431334
,1994-11-06 00:00,1.04554035728132
,1994-11-07 00:00,0.954811370372823
,1994-11-08 00:00,0.990407804642513
,1994-11-09 00:00,1.00369118909785
,1994-11-10 00:00,0.935623427909098
,1994-11-11 00:00,0.934076397358394
,1994-11-12 00:00,0.985741754276648
,1994-11-13 00:00,0.91152997575355
,1994-11-14 00:00,0.9294999611297
,1994-11-15 00:00,0.862553747763145
,1994-11-16 00:00,0.879616966279335
,1994-11-17 00:00,0.887825200219558
,1994-11-18 00:00,0.860723536888875
,1994-11-19 00:00,0.875526079666768
,1994-11-20 00:00,0.810931655933019
,1994-11-21 00:00,0.84647939766249
,1994-11-22 00:00,0.842742755531719
,1994-11-23 00:00,0.824947700215882
,1994-11-24 00:00,0.731217103232736
,1994-11-25 00:00,0.800192062005434
,1994-11-26 00:00,0.75900725365752
,1994-11-27 00:00,0.670905250771963
,1994-11-28 00:00,0.736720131513947
,1994-11-29 00:00,0.729596586373745
,1994-11-30 00:00,0.668047236365077
,1994-12-01 00:00,0.63932865838914
,1994-12-02 00:00,0.571121105979721
,1994-12-03 00:00,0.519975839171181
,1994-12-04 00:00,0.559727459354776
,1994-12-05 00:00,0.44632178545309
,1994-12-06 00:00,0.451169530144605
,1994-12-07 00:00,0.568917906890802
,1994-12-08 00:00,0.571310873403227
,1994-12-09 00:00,0.569620880055549
,1994-12-10 00:00,0.531246871839075
,1994-12-11 00:00,0.528183797503297
,1994-12-12 00:00,0.612475723715178
,1994-12-13 00:00,0.617210072377674
,1994-12-14 00:00,0.545907387285309
,1994-12-15 00:00,0.468217169629391
,1994-12-16 00:00,0.439733891959014
,1994-12-17 00:00,0.446646732310258
,1994-12-18 00:00,0.4592643307839
,1994-12-19 00:00,0.423979493269952
,1994-12-20 00:00,0.418580130806188
,1994-12-21 00:00,0.508595355706673
,1994-12-22 00:00,0.453067874659449
,1994-12-23 00:00,0.454070906468406
,1994-12-24 00:00,0.4237258476323
,1994-12-25 00:00,0.459510176383253
,1994-12-26 00:00,0.450464686813625
,1994-12-27 00:00,0.476175876308179
,1994-12-28 00:00,0.471230752181886
,1994-12-29 00:00,0.533079975091251
,1994-12-30 00:00,0.507392927209398
,1994-12-31 00:00,0.564815708270449
,1995-01-01 00:00,0.557364229793254
,1995-01-02 00:00,0.463156524082518
,1995-01-03 00:00,0.499806444955036
,1995-01-04 00:00,0.471768634801075
,1995-01-05 00:00,0.469461700295953
,1995-01-06 00:00,0.333884203996392
,1995-01-07 00:00,0.405726930339902
,1995-01-08 00:00,0.486526461126135
,1995-01-09 00:00,0.461691540249735
,1995-01-10 00:00,0.544876673717682
,1995-01-11 00:00,0.612702191472574
,1995-01-12 00:00,0.565961213229099
,1995-01-13 00:00,0.606660079424412
,1995-01-14 00:00,0.56926550592927
,1995-01-15 00:00,0.572595444425838
,1995-01-16 00:00,0.651820661209722
,1995-01-17 00:00,0.650889477675593
,1995-01-18 00:00,0.618422560559578
,1995-01-19 00:00,0.633125884222369
,1995-01-20 00:00,0.664978368658747
,1995-01-21 00:00,0.655298098550823
,1995-01-22 00:00,0.716273298852047
,1995-01-23 00:00,0.716108655469978
,1995-01-24 00:00,0.835161609333386
,1995-01-25 00:00,0.762564887058595
,1995-01-26 00:00,0.729249214495878
,1995-01-27 00:00,0.817038461117821
,1995-01-28 00:00,0.76621663393527
,1995-01-29 00:00,0.828045878108229
,1995-01-30 00:00,0.805345657533112
,1995-01-31 00:00,0.910660814558595
,1995-02-01 00:00,0.885040548151059
,1995-02-02 00:00,0.845422680904924
,1995-02-03 00:00,0.933530812655553
,1995-02-04 00:00,0.907455005256708
,1995-02-05 00:00,1.12927873787518
,1995-02-06 00:00,1.05557424513073
,1995-02-07 00:00,1.04681149547469
,1995-02-08 00:00,0.901247162558691
,1995-02-09 00:00,0.934327501284217
,1995-02-10 00:00,1.06359114341306
,1995-02-11 00:00,0.916677707815788
,1995-02-12 00:00,1.0432259510954
,1995-02-13 00:00,1.02407081761838
,1995-02-14 00:00,1.07106358793827
,1995-02-15 00:00,1.18602031159478
,1995-02-16 00:00,1.01519513500724
,1995-02-17 00:00,1.20179567909353
,1995-02-18 00:00,1.17160127380129
,1995-02-19 00:00,1.24714915868054
,1995-02-20 00:00,1.25163316101919
,1995-02-21 00:00,1.21053103502939
,1995-02-22 00:00,1.19895418415561
,1995-02-23 00:00,1.1176032198514
,1995-02-24 00:00,1.10468580349161
,1995-02-25 00:00,1.21144364789318
,1995-02-26 00:00,1.07515261178475
,1995-02-27 00:00,1.31318502308298
,1995-02-28 00:00,1.34174867212837
,1995-03-01 00:00,1.42260744880669
,1995-03-02 00:00,1.32984791053041
,1995-03-03 00:00,1.4506489750185
,1995-03-04 00:00,1.24181826737229
,1995-03-05 00:00,1.38808585503639
,1995-03-06 00:00,1.29827446211224
,1995-03-07 00:00,1.47361737287325
,1995-03-08 00:00,1.38008620939229
,1995-03-09 00:00,1.40001213242017
,1995-03-10 00:00,1.478629362887
,1995-03-11 00:00,1.57377371433902
,1995-03-12 00:00,1.62275056144713
,1995-03-13 00:00,1.54806914030774
,1995-03-14 00:00,1.56534896442037
,1995-03-15 00:00,1.44943668333292
,1995-03-16 00:00,1.49511201437407
,1995-03-17 00:00,1.77121849640313
,1995-03-18 00:00,1.82990357742713
,1995-03-19 00:00,1.92304164898617
,1995-03-20 00:00,1.87900467831221
,1995-03-21 00:00,1.82945085364141
,1995-03-22 00:00,1.95537981333801
,1995-03-23 00:00,1.97471257562496
,1995-03-24 00:00,2.08601053212791
,1995-03-25 00:00,2.085884039373
,1995-03-26 00:00,2.15086839432031
,1995-03-27 00:00,2.1311852923899
,1995-03-28 00:00,1.87696114409038
,1995-03-29 00:00,1.86378109590634
,1995-03-30 00:00,1.88385602290751
,1995-03-31 00:00,2.08230872637672
,1995-04-01 00:00,2.20679036231183
,1995-04-02 00:00,2.57729112355221
,1995-04-03 00:00,2.55374699141636
,1995-04-04 00:00,2.51300086511906
,1995-04-05 00:00,2.47587566097503
,1995-04-06 00:00,2.53284527420136
,1995-04-07 00:00,2.63918333287533
,1995-04-08 00:00,2.57369060061454
,1995-04-09 00:00,2.42552571156237
,1995-04-10 00:00,2.26571948287462
,1995-04-11 00:00,2.44130978577581
,1995-04-12 00:00,2.38617936809803
,1995-04-13 00:00,2.58450597469325
,1995-04-14 00:00,2.2042365115166
,1995-04-15 00:00,2.33647809400579
,1995-04-16 00:00,2.56867294847156
,1995-04-17 00:00,2.65591783075558
,1995-04-18 00:00,2.63563250758967
,1995-04-19 00:00,2.48609172488989
,1995-04-20 00:00,2.38940406528134
,1995-04-21 00:00,2.48135144513679
,1995-04-22 00:00,2.49178532004254
,1995-04-23 00:00,2.64875977254634
,1995-04-24 00:00,2.53225400726738
,1995-04-25 00:00,2.40106178291883
,1995-04-26 00:00,2.46795633340631
,1995-04-27 00:00,2.64683542641962
,1995-04-28 00:00,2.71952837469095
,1995-04-29 00:00,2.88301060830042
,1995-04-30 00:00,2.89875173829765
,1995-05-01 00:00,3.02105311800003
,1995-05-02 00:00,3.01247694923627
,1995-05-03 00:00,2.93845564100775
,1995-05-04 00:00,3.04668829820244
,1995-05-05 00:00,3.26430922583429
,1995-05-06 00:00,3.29357229631113
,1995-05-07 00:00,3.34959705765624
,1995-05-08 00:00,3.16245056186656
,1995-05-09 00:00,3.20913141209128
,1995-05-10 00:00,2.90970175026283
,1995-05-11 00:00,2.76882085046484
,1995-05-12 00:00,2.7920216062137
,1995-05-13 00:00,2.83191123821904
,1995-05-14 00:00,2.92584882075166
,1995-05-15 00:00,2.67990399006281
,1995-05-16 00:00,2.83642032114951
,1995-05-17 00:00,2.89784825393092
,1995-05-18 00:00,2.81511523267117
,1995-05-19 00:00,2.94980212972171
,1995-05-20 00:00,2.77575537228711
,1995-05-21 00:00,3.07727779369044
,1995-05-22 00:00,3.19883872496295
,1995-05-23 00:00,3.25535939761767
,1995-05-24 00:00,3.2833341420342
,1995-05-25 00:00,3.26925986735084
,1995-05-26 00:00,3.34427417056599
,1995-05-27 00:00,3.39813082563038
,1995-05-28 00:00,3.57118576938833
,1995-05-29 00:00,3.55339351525319
,1995-05-30 00:00,3.24827934815673
,1995-05-31 00:00,3.03130326959702
,1995-06-01 00:00,2.89864072203748
,1995-06-02 00:00,3.19917779804426
,1995-06-03 00:00,3.28588042490327
,1995-06-04 00:00,3.26338085861806
,1995-06-05 00:00,3.09513200767664
,1995-06-06 00:00,3.10312992565922
,1995-06-07 00:00,3.4987543224003
,1995-06-08 00:00,3.39879094098494
,1995-06-09 00:00,3.43415183529893
,1995-06-10 00:00,3.06158616114156
,1995-06-11 00:00,3.28987731385319
,1995-06-12 00:00,3.00230469963242
,1995-06-13 00:00,3.12792098918615
,1995-06-14 00:00,3.15548546686065
,1995-06-15 00:00,3.32018815021088
,1995-06-16 00:00,3.39059202947962
,1995-06-17 00:00,3.41150130293167
,1995-06-18 00:00,3.48041840057439
,1995-06-19 00:00,3.61912747701804
,1995-06-20 00:00,3.67594217263349
,1995-06-21 00:00,3.70740552464421
,1995-06-22 00:00,3.66853675485784
,1995-06-23 00:00,2.93023235720889
,1995-06-24 00:00,2.87585490664969
,1995-06-25 00:00,3.44925019552383
,1995-06-26 00:00,3.54022100216006
,1995-06-27 00:00,3.70249771058479
,1995-06-28 00:00,3.67382618424957
,1995-06-29 00:00,3.62052209328086
,1995-06-30 00:00,3.67014343631649
,1995-07-01 00:00,3.7643363667882
,1995-07-02 00:00,3.73199140106919
,1995-07-03 00:00,3.52417709650931
,1995-07-04 00:00,3.59477421642723
,1995-07-05 00:00,3.46764566816387
,1995-07-06 00:00,3.4657565839688
,1995-07-07 00:00,3.63732575372861
,1995-07-08 00:00,3.72766768476582
,1995-07-09 00:00,3.73892812657525
,1995-07-10 00:00,3.76083379870415
,1995-07-11 00:00,3.74878624487264
,1995-07-12 00:00,3.72844395338882
,1995-07-13 00:00,3.71658193258851
,1995-07-14 00:00,3.70989117754645
,1995-07-15 00:00,3.64756991593279
,1995-07-16 00:00,3.63557501664262
,1995-07-17 00:00,3.85444715179336
,1995-07-18 00:00,3.65643664859829
,1995-07-19 00:00,3.72539294116344
,1995-07-20 00:00,3.69720524505454
,1995-07-21 00:00,3.74580292749435
,1995-07-22 00:00,3.76280572319751
,1995-07-23 00:00,3.59662541375163
,1995-07-24 00:00,3.62896628825206
,1995-07-25 00:00,3.63735965243324
,1995-07-26 00:00,3.66561766690192
,1995-07-27 00:00,3.69429737961857
,1995-07-28 00:00,3.62768123152775
,1995-07-29 00:00,3.4711960327983
,1995-07-30 00:00,3.49334888480475
,1995-07-31 00:00,3.48141630153061
,1995-08-01 00:00,3.60942014402854
,1995-08-02 00:00,3.60871856600989
,1995-08-03 00:00,3.47768518072955
,1995-08-04 00:00,3.49955409833495
,1995-08-05 00:00,3.498515199401
,1995-08-06 00:00,3.49917618554942
,1995-08-07 00:00,3.38098928737839
,1995-08-08 00:00,3.34136137030468
,1995-08-09 00:00,3.25388111758595
,1995-08-10 00:00,3.36391465857576
,1995-08-11 00:00,3.35213332322246
,1995-08-12 00:00,3.32850766009325
,1995-08-13 00:00,3.35822912181358
,1995-08-14 00:00,3.21893707789781
,1995-08-15 00:00,3.30640163398666
,1995-08-16 00:00,3.22860309042109
,1995-08-17 00:00,3.00885333110368
,1995-08-18 00:00,2.82967069620672
,1995-08-19 00:00,2.98797822760134
,1995-08-20 00:00,3.08536834332792
,1995-08-21 00:00,3.04397558356742
,1995-08-22 00:00,3.00961038096353
,1995-08-23 00:00,3.00170981484249
,1995-08-24 00:00,3.06607131047513
,1995-08-25 00:00,2.96531039674831
,1995-08-26 00:00,3.13919664712432
,1995-08-27 00:00,3.03009025632928
,1995-08-28 00:00,2.73811793168799
,1995-08-29 00:00,2.79039512377105
,1995-08-30 00:00,2.7664212635802
,1995-08-31 00:00,2.63751581328352
,1995-09-01 00:00,2.63749834416233
,1995-09-02 00:00,2.75877618950759
,1995-09-03 00:00,2.61732409995558
,1995-09-04 00:00,2.7069023463107
,1995-09-05 00:00,2.62297241612296
,1995-09-06 00:00,2.71053981577325
,1995-09-07 00:00,2.4886562898601
,1995-09-08 00:00,2.66640028856655
,1995-09-09 00:00,2.6367405399355
,1995-09-10 00:00,2.58061041125421
,1995-09-11 00:00,2.5958967586908
,1995-09-12 00:00,2.57364659931185
,1995-09-13 00:00,2.33826308815481
,1995-09-14 00:00,2.30020026400668
,1995-09-15 00:00,2.49383096710487
,1995-09-16 00:00,2.37414566809595
,1995-09-17 00:00,2.3907351299317
,1995-09-18 00:00,2.41025974811139
,1995-09-19 00:00,2.18979396139319
,1995-09-20 00:00,2.27003742412144
,1995-09-21 00:00,2.30007509670821
,1995-09-22 00:00,2.27726274716798
,1995-09-23 00:00,2.18304720242414
,1995-09-24 00:00,2.17572805410931
,1995-09-25 00:00,2.10316336756577
,1995-09-26 00:00,2.19967335194604
,1995-09-27 00:00,1.97745307604058
,1995-09-28 00:00,1.91390520842456
,1995-09-29 00:00,1.77478877913694
,1995-09-30 00:00,1.68656532558884
,1995-10-01 00:00,1.75648246619952
,1995-10-02 00:00,1.73898107047771
,1995-10-03 00:00,1.81248464720936
,1995-10-04 00:00,1.79589248325533
,1995-10-05 00:00,1.77545201273062
,1995-10-06 00:00,1.77027349100096
,1995-10-07 00:00,1.84799860545892
,1995-10-08 00:00,1.8597310039671
,1995-10-09 00:00,1.83922851652201
,1995-10-10 00:00,1.79439101634733
,1995-10-11 00:00,1.77468586790789
,1995-10-12 00:00,1.7465754214973
,1995-10-13 00:00,1.70043856606111
,1995-10-14 00:00,1.6710333647646
,1995-10-15 00:00,1.67418122271651
,1995-10-16 00:00,1.65567750801798
,1995-10-17 00:00,1.5761513945788
,1995-10-18 00:00,1.58487832596034
,1995-10-19 00:00,1.59383456364839
,1995-10-20 00:00,1.5490902306288
,1995-10-21 00:00,1.46461865855727
,1995-10-22 00:00,1.31100874705742
,1995-10-23 00:00,1.33390264394116
,1995-10-24 00:00,1.3294971650229
,1995-10-25 00:00,1.27212647856362
,1995-10-26 00:00,1.40305866484042
,1995-10-27 00:00,1.30198493459037
,1995-10-28 00:00,1.33489744730528
,1995-10-29 00:00,1.24451966029562
,1995-10-30 00:00,1.23051752456711
,1995-10-31 00:00,1.24672328190195
,1995-11-01 00:00,1.19064357832234
,1995-11-02 00:00,1.1513975541818
,1995-11-03 00:00,1.09468622103809
,1995-11-04 00:00,0.945343890041393
,1995-11-05 00:00,0.950044583675299
,1995-11-06 00:00,0.98351470759093
,1995-11-07 00:00,1.10526744077932
,1995-11-08 00:00,0.974934978129518
,1995-11-09 00:00,0.956464411645625
,1995-11-10 00:00,0.909152295470527
,1995-11-11 00:00,0.908055359509125
,1995-11-12 00:00,0.940362623231663
,1995-11-13 00:00,0.918023427757777
,1995-11-14 00:00,0.971052539247888
,1995-11-15 00:00,0.907630021870129
,1995-11-16 00:00,0.839055269664186
,1995-11-17 00:00,0.874217376642588
,1995-11-18 00:00,0.787180060657521
,1995-11-19 00:00,0.75207865639803
,1995-11-20 00:00,0.759260975323986
,1995-11-21 00:00,0.683920351819458
,1995-11-22 00:00,0.65884357389469
,1995-11-23 00:00,0.701956624711002
,1995-11-24 00:00,0.747124971313946
,1995-11-25 00:00,0.712864649105768
,1995-11-26 00:00,0.673993169084094
,1995-11-27 00:00,0.637287718465599
,1995-11-28 00:00,0.711605164660239
,1995-11-29 00:00,0.688942166157874
,1995-11-30 00:00,0.607721105393299
,1995-12-01 00:00,0.633263981657468
,1995-12-02 00:00,0.557736378880348
,1995-12-03 00:00,0.501153976222594
,1995-12-04 00:00,0.534651372716372
,1995-12-05 00:00,0.404135253135946
,1995-12-06 00:00,0.369299853301207
,1995-12-07 00:00,0.506139059763904
,1995-12-08 00:00,0.544602830012378
,1995-12-09 00:00,0.580337792919439
,1995-12-10 00:00,0.528460279907493
,1995-12-11 00:00,0.518351339108795
,1995-12-12 00:00,0.485958555319622
,1995-12-13 00:00,0.439208106099593
,1995-12-14 00:00,0.443381236137341
,1995-12-15 00:00,0.412484961891661
,1995-12-16 00:00,0.468802435038882
,1995-12-17 00:00,0.465611221789175
,1995-12-18 00:00,0.464255851326746
,1995-12-19 00:00,0.496974283037685
,1995-12-20 00:00,0.472692804773448
,1995-12-21 00:00,0.524749760813955
,1995-12-22 00:00,0.494993980023605
,1995-12-23 00:00,0.479412939742727
,1995-12-24 00:00,0.490603103995372
,1995-12-25 00:00,0.484517092701624
,1995-12-26 00:00,0.482181175105637
,1995-12-27 00:00,0.404483626196655
,1995-12-28 00:00,0.400978513228081
,1995-12-29 00:00,0.418547236086952
,1995-12-30 00:00,0.413103873421348
,1995-12-31 00:00,0.4691764865762
,1996-01-01 00:00,0.513621937091427
,1996-01-02 00:00,0.484027168814699
,1996-01-03 00:00,0.57549673879016
,1996-01-04 00:00,0.502028610740298
,1996-01-05 00:00,0.453509559896539
,1996-01-06 00:00,0.351325959228522
,1996-01-07 00:00,0.420079639388551
,1996-01-08 00:00,0.607269224361823
,1996-01-09 00:00,0.544782280125627
,1996-01-10 00:00,0.569535932392477
,1996-01-11 00:00,0.658558611334639
,1996-01-12 00:00,0.613011487825371
,1996-01-13 00:00,0.698909481177038
,1996-01-14 00:00,0.703952204167344
,1996-01-15 00:00,0.595742692711073
,1996-01-16 00:00,0.687584892540303
,1996-01-17 00:00,0.692969635137761
,1996-01-18 00:00,0.697394402636575
,1996-01-19 00:00,0.680816420662566
,1996-01-20 00:00,0.658011823564605
,1996-01-21 00:00,0.659374898311685
,1996-01-22 00:00,0.643670937824857
,1996-01-23 00:00,0.700782908169911
,1996-01-24 00:00,0.717819935321992
,1996-01-25 00:00,0.710216650732393
,1996-01-26 00:00,0.745086558266975
,1996-01-27 00:00,0.799032143264964
,1996-01-28 00:00,0.77839475672909
,1996-01-29 00:00,0.802202856128027
,1996-01-30 00:00,0.778044216400536
,1996-01-31 00:00,0.761117460567469
,1996-02-01 00:00,0.808126502347416
,1996-02-02 00:00,0.787300724308949
,1996-02-03 00:00,0.884354956098076
,1996-02-04 00:00,0.819369174128242
,1996-02-05 00:00,0.828736479773294
,1996-02-06 00:00,0.702094412697872
,1996-02-07 00:00,0.739272979001371
,1996-02-08 00:00,0.841216538202919
,1996-02-09 00:00,0.945273510499049
,1996-02-10 00:00,0.856948109285839
,1996-02-11 00:00,0.879156875252422
,1996-02-12 00:00,0.982941195975376
,1996-02-13 00:00,0.964960440221611
,1996-02-14 00:00,1.07060890957359
,1996-02-15 00:00,1.07290944540407
,1996-02-16 00:00,1.00745290505913
,1996-02-17 00:00,1.09908041646534
,1996-02-18 00:00,1.10698381193169
,1996-02-19 00:00,1.01578249429173
,1996-02-20 00:00,1.12759366763598
,1996-02-21 00:00,1.0788356904496
,1996-02-22 00:00,1.08987779134636
,1996-02-23 00:00,0.981482043735566
,1996-02-24 00:00,1.04198190063996
,1996-02-25 00:00,1.09178935435071
,1996-02-26 00:00,1.1781626722276
,1996-02-27 00:00,1.28566214441519
,1996-02-28 00:00,1.35322308899508
,1996-02-29 00:00,1.43579421367433
,1996-03-01 00:00,1.39425848375555
,1996-03-02 00:00,1.32082551263928
,1996-03-03 00:00,1.27001425552658
,1996-03-04 00:00,1.2361208391203
,1996-03-05 00:00,1.26898952950299
,1996-03-06 00:00,1.34429084919352
,1996-03-07 00:00,1.33831989545591
,1996-03-08 00:00,1.28344921127176
,1996-03-09 00:00,1.28628886751456
,1996-03-10 00:00,1.35547808295181
,1996-03-11 00:00,1.33323387680501
,1996-03-12 00:00,1.27971394350827
,1996-03-13 00:00,1.28393791543959
,1996-03-14 00:00,1.57255444100898
,1996-03-15 00:00,1.66961184320324
,1996-03-16 00:00,1.67926730126428
,1996-03-17 00:00,1.83459972026676
,1996-03-18 00:00,1.75424100528236
,1996-03-19 00:00,1.65898341990778
,1996-03-20 00:00,1.88030141294417
,1996-03-21 00:00,1.95698424401853
,1996-03-22 00:00,2.00865364512378
,1996-03-23 00:00,1.87482712757432
,1996-03-24 00:00,1.99345843133811
,1996-03-25 00:00,1.97157253794025
,1996-03-26 00:00,1.98934159995884
,1996-03-27 00:00,2.16880202360132
,1996-03-28 00:00,1.90686866808558
,1996-03-29 00:00,1.91866036344061
,1996-03-30 00:00,1.94490907012408
,1996-03-31 00:00,2.09186604731313
,1996-04-01 00:00,1.81010805410033
,1996-04-02 00:00,2.11572757390714
,1996-04-03 00:00,1.87457954868002
,1996-04-04 00:00,1.97586075920497
,1996-04-05 00:00,2.24242546299075
,1996-04-06 00:00,2.54497097207449
,1996-04-07 00:00,2.63914374762
,1996-04-08 00:00,2.59540864274081
,1996-04-09 00:00,2.56929927424073
,1996-04-10 00:00,2.57591710105052
,1996-04-11 00:00,2.49862065499658
,1996-04-12 00:00,2.52625813050152
,1996-04-13 00:00,2.45652935080351
,1996-04-14 00:00,2.43310102989587
,1996-04-15 00:00,2.67348348000589
,1996-04-16 00:00,2.75723222107867
,1996-04-17 00:00,2.70148261922979
,1996-04-18 00:00,2.86482445487597
,1996-04-19 00:00,2.94484385297765
,1996-04-20 00:00,3.01109454814486
,1996-04-21 00:00,3.00069320799688
,1996-04-22 00:00,3.00896322888059
,1996-04-23 00:00,2.84830925484605
,1996-04-24 00:00,2.76951360690765
,1996-04-25 00:00,2.62520556343654
,1996-04-26 00:00,2.73344001160905
,1996-04-27 00:00,2.59048660577132
,1996-04-28 00:00,2.82033397073165
,1996-04-29 00:00,2.70017496298427
,1996-04-30 00:00,2.70262044380078
,1996-05-01 00:00,2.88172428924465
,1996-05-02 00:00,2.82931376675133
,1996-05-03 00:00,2.68991026626292
,1996-05-04 00:00,2.89918947741893
,1996-05-05 00:00,2.9035681550167
,1996-05-06 00:00,3.14895554590346
,1996-05-07 00:00,3.2214482494781
,1996-05-08 00:00,3.11091736677826
,1996-05-09 00:00,2.89776653648042
,1996-05-10 00:00,2.89558994997592
,1996-05-11 00:00,3.16071764183102
,1996-05-12 00:00,2.88323318649608
,1996-05-13 00:00,2.98738851866661
,1996-05-14 00:00,3.26606691023382
,1996-05-15 00:00,3.28742309310549
,1996-05-16 00:00,3.35213103961621
,1996-05-17 00:00,3.31933335399926
,1996-05-18 00:00,3.32412235378472
,1996-05-19 00:00,3.270282967207
,1996-05-20 00:00,2.94533079100599
,1996-05-21 00:00,3.20321378822976
,1996-05-22 00:00,3.21817864564408
,1996-05-23 00:00,3.2531882316449
,1996-05-24 00:00,3.34504411364791
,1996-05-25 00:00,3.41468802266601
,1996-05-26 00:00,3.34527884495481
,1996-05-27 00:00,2.96076660461455
,1996-05-28 00:00,3.41453464632172
,1996-05-29 00:00,3.30693527764338
,1996-05-30 00:00,3.43293810445983
,1996-05-31 00:00,3.59037689012778
,1996-06-01 00:00,3.62948196634996
,1996-06-02 00:00,3.5474334712801
,1996-06-03 00:00,3.59706661449448
,1996-06-04 00:00,3.68179139939912
,1996-06-05 00:00,3.69366902030681
,1996-06-06 00:00,3.71165257555328
,1996-06-07 00:00,3.78193932896875
,1996-06-08 00:00,3.79914496418747
,1996-06-09 00:00,3.8353579444967
,1996-06-10 00:00,3.86489130032184
,1996-06-11 00:00,3.89374939874861
,1996-06-12 00:00,3.88361369422964
,1996-06-13 00:00,3.84130932645986
,1996-06-14 00:00,3.49082287097299
,1996-06-15 00:00,3.52909746046742
,1996-06-16 00:00,3.44118071955468
,1996-06-17 00:00,3.57630015854303
,1996-06-18 00:00,3.65599874034037
,1996-06-19 00:00,3.63183625984767
,1996-06-20 00:00,3.36854080639505
,1996-06-21 00:00,3.28222813944971
,1996-06-22 00:00,3.27297171031565
,1996-06-23 00:00,3.14313566718575
,1996-06-24 00:00,3.15778359111228
,1996-06-25 00:00,3.08336868483108
,1996-06-26 00:00,3.10196383864712
,1996-06-27 00:00,3.44616175345015
,1996-06-28 00:00,3.57651336106569
,1996-06-29 00:00,3.49428143998408
,1996-06-30 00:00,3.38177242136628
,1996-07-01 00:00,3.21399348522399
,1996-07-02 00:00,3.19948633373592
,1996-07-03 00:00,3.421459349155
,1996-07-04 00:00,3.54238360427689
,1996-07-05 00:00,3.42961856808694
,1996-07-06 00:00,3.56672089254197
,1996-07-07 00:00,3.42897857856584
,1996-07-08 00:00,3.21637180526237
,1996-07-09 00:00,3.51560585586714
,1996-07-10 00:00,3.31723224164592
,1996-07-11 00:00,3.45516468233586
,1996-07-12 00:00,3.52533905886001
,1996-07-13 00:00,3.60370204267852
,1996-07-14 00:00,3.66179558527407
,1996-07-15 00:00,3.72326602991858
,1996-07-16 00:00,3.94646289905557
,1996-07-17 00:00,3.34070588329883
,1996-07-18 00:00,3.50077666920503
,1996-07-19 00:00,3.50665581153926
,1996-07-20 00:00,3.32925761117894
,1996-07-21 00:00,3.38092690492195
,1996-07-22 00:00,3.43309734416436
,1996-07-23 00:00,3.50816503952487
,1996-07-24 00:00,3.47372975906293
,1996-07-25 00:00,3.54959126266291
,1996-07-26 00:00,3.55946553199615
,1996-07-27 00:00,3.5353428905403
,1996-07-28 00:00,3.34174376308884
,1996-07-29 00:00,3.53691953794648
,1996-07-30 00:00,3.12093477726255
,1996-07-31 00:00,3.48174178359693
,1996-08-01 00:00,3.52607893901332
,1996-08-02 00:00,3.56282634467863
,1996-08-03 00:00,3.34980041176549
,1996-08-04 00:00,3.34108170927068
,1996-08-05 00:00,3.30140038315177
,1996-08-06 00:00,3.29867447654571
,1996-08-07 00:00,3.34493710167229
,1996-08-08 00:00,3.20814749445893
,1996-08-09 00:00,3.3715069548344
,1996-08-10 00:00,3.34175401771762
,1996-08-11 00:00,3.02576216057446
,1996-08-12 00:00,2.98582077230715
,1996-08-13 00:00,2.98392363425736
,1996-08-14 00:00,3.13313366903131
,1996-08-15 00:00,3.12457078916753
,1996-08-16 00:00,3.21267602573271
,1996-08-17 00:00,3.24291109359541
,1996-08-18 00:00,3.17378652858707
,1996-08-19 00:00,3.20416512871702
,1996-08-20 00:00,3.16936168963936
,1996-08-21 00:00,3.13827385203352
,1996-08-22 00:00,3.05329793158052
,1996-08-23 00:00,3.15510429609356
,1996-08-24 00:00,3.11413902249692
,1996-08-25 00:00,3.03005210902773
,1996-08-26 00:00,2.91688587545687
,1996-08-27 00:00,2.86261206466801
,1996-08-28 00:00,2.70915129983733
,1996-08-29 00:00,2.90832795610036
,1996-08-30 00:00,2.88493843547014
,1996-08-31 00:00,2.74317470106306
,1996-09-01 00:00,2.71750523951609
,1996-09-02 00:00,2.72685338948753
,1996-09-03 00:00,2.67532281839628
,1996-09-04 00:00,2.75927892503917
,1996-09-05 00:00,2.79167047380932
,1996-09-06 00:00,2.69812216487939
,1996-09-07 00:00,2.59192745617244
,1996-09-08 00:00,2.62773890295138
,1996-09-09 00:00,2.50489305893503
,1996-09-10 00:00,2.50896069289125
,1996-09-11 00:00,2.4892468091116
,1996-09-12 00:00,2.48915950953627
,1996-09-13 00:00,2.40375013816657
,1996-09-14 00:00,2.45682238040469
,1996-09-15 00:00,2.42857673105913
,1996-09-16 00:00,2.3321886119638
,1996-09-17 00:00,2.20740446924448
,1996-09-18 00:00,2.12674281440606
,1996-09-19 00:00,2.09399991041372
,1996-09-20 00:00,2.05130442045925
,1996-09-21 00:00,2.01021892281071
,1996-09-22 00:00,2.11519820797366
,1996-09-23 00:00,2.08193808191769
,1996-09-24 00:00,2.15634097375548
,1996-09-25 00:00,2.06494111743783
,1996-09-26 00:00,1.93189666434731
,1996-09-27 00:00,1.92697624419835
,1996-09-28 00:00,1.95362763525437
,1996-09-29 00:00,1.85950577764798
,1996-09-30 00:00,1.84408060136524
,1996-10-01 00:00,1.83946382994414
,1996-10-02 00:00,1.62088072095483
,1996-10-03 00:00,1.74576474290361
,1996-10-04 00:00,1.75409010163489
,1996-10-05 00:00,1.61275270025042
,1996-10-06 00:00,1.58206055332549
,1996-10-07 00:00,1.59092719190239
,1996-10-08 00:00,1.58827886794222
,1996-10-09 00:00,1.69729290612914
,1996-10-10 00:00,1.63592366934992
,1996-10-11 00:00,1.60305056811869
,1996-10-12 00:00,1.60561857108668
,1996-10-13 00:00,1.5458895122836
,1996-10-14 00:00,1.45030373409818
,1996-10-15 00:00,1.45867116196722
,1996-10-16 00:00,1.43345865494265
,1996-10-17 00:00,1.34341275826407
,1996-10-18 00:00,1.35084858627548
,1996-10-19 00:00,1.41016381294882
,1996-10-20 00:00,1.43303897796561
,1996-10-21 00:00,1.41482877405748
,1996-10-22 00:00,1.43491807945755
,1996-10-23 00:00,1.33377497017725
,1996-10-24 00:00,1.22923874409816
,1996-10-25 00:00,1.13201393538651
,1996-10-26 00:00,1.10535052435963
,1996-10-27 00:00,1.21987062227905
,1996-10-28 00:00,1.11476517888885
,1996-10-29 00:00,1.12326985602038
,1996-10-30 00:00,1.21401095774509
,1996-10-31 00:00,1.15319226648334
,1996-11-01 00:00,1.12640632171069
,1996-11-02 00:00,1.19407958356791
,1996-11-03 00:00,1.17848700017253
,1996-11-04 00:00,1.11787854442609
,1996-11-05 00:00,0.945889250584283
,1996-11-06 00:00,1.03854723404742
,1996-11-07 00:00,0.961196571929095
,1996-11-08 00:00,1.0353041092416
,1996-11-09 00:00,0.979997866857146
,1996-11-10 00:00,0.879898316936729
,1996-11-11 00:00,0.90267370264666
,1996-11-12 00:00,0.940358312890388
,1996-11-13 00:00,0.931275363411619
,1996-11-14 00:00,0.896652972399751
,1996-11-15 00:00,0.885605362835899
,1996-11-16 00:00,0.891017779111652
,1996-11-17 00:00,0.861953775526903
,1996-11-18 00:00,0.8464565370354
,1996-11-19 00:00,0.773894381065024
,1996-11-20 00:00,0.691016237974351
,1996-11-21 00:00,0.738737224941479
,1996-11-22 00:00,0.635938733899164
,1996-11-23 00:00,0.666224431589417
,1996-11-24 00:00,0.685085504987896
,1996-11-25 00:00,0.593582514829484
,1996-11-26 00:00,0.59489490557226
,1996-11-27 00:00,0.66518203319489
,1996-11-28 00:00,0.626727805456373
,1996-11-29 00:00,0.564203029374106
,1996-11-30 00:00,0.560881207335426
,1996-12-01 00:00,0.616077686190429
,1996-12-02 00:00,0.508403728963123
,1996-12-03 00:00,0.589796833692677
,1996-12-04 00:00,0.461808389044733
,1996-12-05 00:00,0.418195092189604
,1996-12-06 00:00,0.564025606183575
,1996-12-07 00:00,0.548232924605677
,1996-12-08 00:00,0.548843296487013
,1996-12-09 00:00,0.493900372626502
,1996-12-10 00:00,0.480102601040909
,1996-12-11 00:00,0.54430893995867
,1996-12-12 00:00,0.542822798224023
,1996-12-13 00:00,0.507867460121086
,1996-12-14 00:00,0.502936381418336
,1996-12-15 00:00,0.51314819140826
,1996-12-16 00:00,0.489204088852486
,1996-12-17 00:00,0.480677128855496
,1996-12-18 00:00,0.485374358773677
,1996-12-19 00:00,0.464793113044514
,1996-12-20 00:00,0.509249289377569
,1996-12-21 00:00,0.531261535722705
,1996-12-22 00:00,0.487227602592447
,1996-12-23 00:00,0.48003222765553
,1996-12-24 00:00,0.488079849927869
,1996-12-25 00:00,0.462469873951182
,1996-12-26 00:00,0.389722113141906
,1996-12-27 00:00,0.342238018398882
,1996-12-28 00:00,0.327613774758231
,1996-12-29 00:00,0.346401438608156
,1996-12-30 00:00,0.373219034871381
,1996-12-31 00:00,0.415748168808533
,1997-01-01 00:00,0.489689717975009
,1997-01-02 00:00,0.437818428253352
,1997-01-03 00:00,0.540389559250684
,1997-01-04 00:00,0.550199585778782
,1997-01-05 00:00,0.532287127649404
,1997-01-06 00:00,0.382182195254887
,1997-01-07 00:00,0.432485256071306
,1997-01-08 00:00,0.546392756717882
,1997-01-09 00:00,0.459235451205135
,1997-01-10 00:00,0.565614084062675
,1997-01-11 00:00,0.663862262513286
,1997-01-12 00:00,0.608953473324171
,1997-01-13 00:00,0.674945460381185
,1997-01-14 00:00,0.712433773718121
,1997-01-15 00:00,0.702851133168688
,1997-01-16 00:00,0.781668719432361
,1997-01-17 00:00,0.75110676212365
,1997-01-18 00:00,0.67139189562907
,1997-01-19 00:00,0.638251590460284
,1997-01-20 00:00,0.685191113797211
,1997-01-21 00:00,0.720042426146315
,1997-01-22 00:00,0.74668858998095
,1997-01-23 00:00,0.814674614106538
,1997-01-24 00:00,0.757840769937378
,1997-01-25 00:00,0.826527524260761
,1997-01-26 00:00,0.798321316788285
,1997-01-27 00:00,0.788465223534703
,1997-01-28 00:00,0.817065669106388
,1997-01-29 00:00,0.850456281080482
,1997-01-30 00:00,0.858521329903795
,1997-01-31 00:00,0.879063913774154
,1997-02-01 00:00,0.825265381932363
,1997-02-02 00:00,0.810352068441575
,1997-02-03 00:00,0.838074378359241
,1997-02-04 00:00,0.844384050046332
,1997-02-05 00:00,0.811275536434034
,1997-02-06 00:00,1.03305404744211
,1997-02-07 00:00,0.989873490102649
,1997-02-08 00:00,1.08454514628989
,1997-02-09 00:00,1.05324990401764
,1997-02-10 00:00,1.12744778034868
,1997-02-11 00:00,0.995522521911747
,1997-02-12 00:00,1.04500586811986
,1997-02-13 00:00,1.0664120661706
,1997-02-14 00:00,1.14968539343292
,1997-02-15 00:00,1.15478572846158
,1997-02-16 00:00,1.14354764274422
,1997-02-17 00:00,1.07154481664317
,1997-02-18 00:00,1.1253577506292
,1997-02-19 00:00,1.22747463925992
,1997-02-20 00:00,1.24207574077366
,1997-02-21 00:00,1.30393995694956
,1997-02-22 00:00,1.34137523614081
,1997-02-23 00:00,1.315647893614
,1997-02-24 00:00,1.1984069209366
,1997-02-25 00:00,1.24875374922891
,1997-02-26 00:00,1.29129623849824
,1997-02-27 00:00,1.46122190944682
,1997-02-28 00:00,1.4412000468615
,1997-03-01 00:00,1.42795404028858
,1997-03-02 00:00,1.64952573625824
,1997-03-03 00:00,1.68250548074296
,1997-03-04 00:00,1.70780163506548
,1997-03-05 00:00,1.6584773285055
,1997-03-06 00:00,1.46273307305372
,1997-03-07 00:00,1.65663934094246
,1997-03-08 00:00,1.60460333618028
,1997-03-09 00:00,1.66059874543614
,1997-03-10 00:00,1.74115993132825
,1997-03-11 00:00,1.69404067398619
,1997-03-12 00:00,1.80385221962684
,1997-03-13 00:00,1.86266445288208
,1997-03-14 00:00,1.83181271344814
,1997-03-15 00:00,1.87398110529453
,1997-03-16 00:00,1.96608172703419
,1997-03-17 00:00,2.30234573458667
,1997-03-18 00:00,1.97073333937937
,1997-03-19 00:00,2.00136396945184
,1997-03-20 00:00,2.09644512286189
,1997-03-21 00:00,1.90744745452051
,1997-03-22 00:00,1.96848515453545
,1997-03-23 00:00,1.76901690695165
,1997-03-24 00:00,1.84147498346639
,1997-03-25 00:00,2.01928886424873
,1997-03-26 00:00,2.12159232791755
,1997-03-27 00:00,2.09186778004365
,1997-03-28 00:00,2.13261232428847
,1997-03-29 00:00,2.09578372581923
,1997-03-30 00:00,2.21633180522407
,1997-03-31 00:00,2.29180562062443
,1997-04-01 00:00,2.43849628399794
,1997-04-02 00:00,2.53718928840705
,1997-04-03 00:00,2.62616065729186
,1997-04-04 00:00,2.63262241330657
,1997-04-05 00:00,2.41823248814483
,1997-04-06 00:00,2.5245321390023
,1997-04-07 00:00,2.2922265992483
,1997-04-08 00:00,2.22599452906452
,1997-04-09 00:00,2.43586844687297
,1997-04-10 00:00,2.59165165386818
,1997-04-11 00:00,2.59819218103497
,1997-04-12 00:00,2.49871331541465
,1997-04-13 00:00,2.47335144666918
,1997-04-14 00:00,2.34284854900862
,1997-04-15 00:00,2.59568972579581
,1997-04-16 00:00,2.37977045014981
,1997-04-17 00:00,2.39779298424777
,1997-04-18 00:00,2.60979332474829
,1997-04-19 00:00,2.60368641465929
,1997-04-20 00:00,2.27679133321013
,1997-04-21 00:00,2.30172591880344
,1997-04-22 00:00,2.38657829452592
,1997-04-23 00:00,2.64725084113775
,1997-04-24 00:00,2.70624672736983
,1997-04-25 00:00,2.84836926031049
,1997-04-26 00:00,2.79478111378874
,1997-04-27 00:00,2.4576099423808
,1997-04-28 00:00,2.82313638507462
,1997-04-29 00:00,2.68434635044144
,1997-04-30 00:00,2.97569986383229
,1997-05-01 00:00,2.99204472202544
,1997-05-02 00:00,3.10174745696643
,1997-05-03 00:00,3.23423284734653
,1997-05-04 00:00,3.17562662795852
,1997-05-05 00:00,2.8486411821956
,1997-05-06 00:00,2.67187084115806
,1997-05-07 00:00,2.67076631042949
,1997-05-08 00:00,2.57659268656064
,1997-05-09 00:00,2.84180936277059
,1997-05-10 00:00,2.9279115167984
,1997-05-11 00:00,3.13384749815598
,1997-05-12 00:00,3.05880738571293
,1997-05-13 00:00,3.30339220518922
,1997-05-14 00:00,3.59642515476832
,1997-05-15 00:00,3.5512480495385
,1997-05-16 00:00,3.50297262323626
,1997-05-17 00:00,3.47930059352483
,1997-05-18 00:00,3.41879878287307
,1997-05-19 00:00,3.4020922086116
,1997-05-20 00:00,3.40593022215368
,1997-05-21 00:00,3.36231357766035
,1997-05-22 00:00,3.2273067774491
,1997-05-23 00:00,3.2638247224227
,1997-05-24 00:00,3.3199195470674
,1997-05-25 00:00,2.96421298720506
,1997-05-26 00:00,3.25612241562685
,1997-05-27 00:00,3.27600864740206
,1997-05-28 00:00,3.32970081532076
,1997-05-29 00:00,3.28913964750902
,1997-05-30 00:00,3.36540240614641
,1997-05-31 00:00,3.12232447766516
,1997-06-01 00:00,2.8430042136901
,1997-06-02 00:00,3.11581604477622
,1997-06-03 00:00,3.22789233641298
,1997-06-04 00:00,3.32975161357103
,1997-06-05 00:00,3.18054779289313
,1997-06-06 00:00,3.4202838950522
,1997-06-07 00:00,3.48903215559611
,1997-06-08 00:00,3.42492868925321
,1997-06-09 00:00,3.67089874000134
,1997-06-10 00:00,3.68865786982808
,1997-06-11 00:00,3.64150700027913
,1997-06-12 00:00,3.64762436858819
,1997-06-13 00:00,3.64708546335809
,1997-06-14 00:00,3.46260961478713
,1997-06-15 00:00,3.65984752447065
,1997-06-16 00:00,3.63632197461166
,1997-06-17 00:00,3.61891047294576
,1997-06-18 00:00,3.46730370491109
,1997-06-19 00:00,3.14282611433096
,1997-06-20 00:00,3.52045539998914
,1997-06-21 00:00,3.48174385322986
,1997-06-22 00:00,3.374644031997
,1997-06-23 00:00,3.48676541899392
,1997-06-24 00:00,3.29018090731989
,1997-06-25 00:00,3.33953066698656
,1997-06-26 00:00,3.18208883452661
,1997-06-27 00:00,3.14285501001039
,1997-06-28 00:00,3.42293578588459
,1997-06-29 00:00,3.42831654150885
,1997-06-30 00:00,3.39605227704251
,1997-07-01 00:00,3.40350303245188
,1997-07-02 00:00,3.4632975668697
,1997-07-03 00:00,3.51030678870083
,1997-07-04 00:00,3.60995837531427
,1997-07-05 00:00,3.26653331671295
,1997-07-06 00:00,3.60430169278579
,1997-07-07 00:00,3.5203235121463
,1997-07-08 00:00,3.66038545398402
,1997-07-09 00:00,3.65753940839351
,1997-07-10 00:00,3.27263935714279
,1997-07-11 00:00,3.5226519921464
,1997-07-12 00:00,3.56853987019017
,1997-07-13 00:00,3.66290716155914
,1997-07-14 00:00,3.5340733013123
,1997-07-15 00:00,3.57892788075357
,1997-07-16 00:00,3.58395915410583
,1997-07-17 00:00,3.75791928569209
,1997-07-18 00:00,3.33158630485986
,1997-07-19 00:00,3.57102814899631
,1997-07-20 00:00,3.50939642338835
,1997-07-21 00:00,3.48310766717269
,1997-07-22 00:00,3.5352640678998
,1997-07-23 00:00,3.5353019543504
,1997-07-24 00:00,3.52594644568083
,1997-07-25 00:00,3.53657280139033
,1997-07-26 00:00,3.52040998023232
,1997-07-27 00:00,3.54547046653613
,1997-07-28 00:00,3.55321886567842
,1997-07-29 00:00,3.38166735120995
,1997-07-30 00:00,3.51873485214628
,1997-07-31 00:00,3.52240348874639
,1997-08-01 00:00,3.15425570032975
,1997-08-02 00:00,3.35364999971322
,1997-08-03 00:00,3.43991327923118
,1997-08-04 00:00,3.51412945052117
,1997-08-05 00:00,3.48048510607484
,1997-08-06 00:00,3.35107857218805
,1997-08-07 00:00,3.29985856150686
,1997-08-08 00:00,3.40504222325868
,1997-08-09 00:00,3.43869642974673
,1997-08-10 00:00,3.38615599800816
,1997-08-11 00:00,3.35856490164809
,1997-08-12 00:00,3.38041523265413
,1997-08-13 00:00,3.38586505664917
,1997-08-14 00:00,3.42116682768921
,1997-08-15 00:00,3.4209564260445
,1997-08-16 00:00,3.31713253088172
,1997-08-17 00:00,2.92977565587375
,1997-08-18 00:00,3.07141063602441
,1997-08-19 00:00,3.18813651016354
,1997-08-20 00:00,3.16009484296808
,1997-08-21 00:00,3.05180818043753
,1997-08-22 00:00,3.20528576464518
,1997-08-23 00:00,3.19667456071797
,1997-08-24 00:00,3.07470421601225
,1997-08-25 00:00,3.13882696770177
,1997-08-26 00:00,3.12309469140036
,1997-08-27 00:00,2.99954734984601
,1997-08-28 00:00,2.90339776689333
,1997-08-29 00:00,2.91492789469158
,1997-08-30 00:00,2.92660751239819
,1997-08-31 00:00,3.00908723031397
,1997-09-01 00:00,3.04457889825636
,1997-09-02 00:00,3.05015330542613
,1997-09-03 00:00,3.0203940375428
,1997-09-04 00:00,2.99350904894105
,1997-09-05 00:00,2.96105610895498
,1997-09-06 00:00,2.93790738366687
,1997-09-07 00:00,2.88381752608433
,1997-09-08 00:00,2.85240831406448
,1997-09-09 00:00,2.85235979886244
,1997-09-10 00:00,2.8312248485283
,1997-09-11 00:00,2.67111501640158
,1997-09-12 00:00,2.70571546012304
,1997-09-13 00:00,2.5677687845298
,1997-09-14 00:00,2.36797032650027
,1997-09-15 00:00,2.47296923154859
,1997-09-16 00:00,2.46493471543632
,1997-09-17 00:00,2.48946643509205
,1997-09-18 00:00,2.55091515092167
,1997-09-19 00:00,2.53637679754067
,1997-09-20 00:00,2.45209215178675
,1997-09-21 00:00,2.31960900906958
,1997-09-22 00:00,2.34119510476673
,1997-09-23 00:00,2.32803345671536
,1997-09-24 00:00,2.38155173348383
,1997-09-25 00:00,2.25971723073791
,1997-09-26 00:00,2.1614051522425
,1997-09-27 00:00,2.04079121845841
,1997-09-28 00:00,1.99072215804706
,1997-09-29 00:00,2.00126358534025
,1997-09-30 00:00,2.01396552206888
,1997-10-01 00:00,1.9007851814172
,1997-10-02 00:00,1.95037293616324
,1997-10-03 00:00,1.97023663847304
,1997-10-04 00:00,1.87228808386238
,1997-10-05 00:00,1.87416597875693
,1997-10-06 00:00,1.84846592427357
,1997-10-07 00:00,1.81619356075225
,1997-10-08 00:00,1.83733441184398
,1997-10-09 00:00,1.80377409414362
,1997-10-10 00:00,1.7110342468851
,1997-10-11 00:00,1.81427920853889
,1997-10-12 00:00,1.69646374354751
,1997-10-13 00:00,1.61295070110845
,1997-10-14 00:00,1.53234378265918
,1997-10-15 00:00,1.46456157095164
,1997-10-16 00:00,1.47478403406748
,1997-10-17 00:00,1.47724560594951
,1997-10-18 00:00,1.47607963266935
,1997-10-19 00:00,1.46907747986242
,1997-10-20 00:00,1.4545980020416
,1997-10-21 00:00,1.3928324411198
,1997-10-22 00:00,1.25930879734518
,1997-10-23 00:00,1.30701398521086
,1997-10-24 00:00,1.36737571891178
,1997-10-25 00:00,1.15573525164657
,1997-10-26 00:00,1.21643032468865
,1997-10-27 00:00,1.12403754202761
,1997-10-28 00:00,0.982148845301891
,1997-10-29 00:00,1.0168654357938
,1997-10-30 00:00,1.00269561577195
,1997-10-31 00:00,1.03012048389346
,1997-11-01 00:00,1.14426775600787
,1997-11-02 00:00,1.14019935327772
,1997-11-03 00:00,1.16700440894242
,1997-11-04 00:00,1.00938723755652
,1997-11-05 00:00,0.985142835378232
,1997-11-06 00:00,1.01907414901501
,1997-11-07 00:00,1.0576861409995
,1997-11-08 00:00,1.05919309920757
,1997-11-09 00:00,0.916791066478349
,1997-11-10 00:00,0.950005623660144
,1997-11-11 00:00,0.912768391841965
,1997-11-12 00:00,0.922102377694628
,1997-11-13 00:00,0.936940516271273
,1997-11-14 00:00,0.903969910056787
,1997-11-15 00:00,0.870901892265848
,1997-11-16 00:00,0.848308405367092
,1997-11-17 00:00,0.811313468348863
,1997-11-18 00:00,0.790997202497372
,1997-11-19 00:00,0.667395128350289
,1997-11-20 00:00,0.686793095349641
,1997-11-21 00:00,0.752577929773201
,1997-11-22 00:00,0.749398396656286
,1997-11-23 00:00,0.743729577146844
,1997-11-24 00:00,0.778962020913438
,1997-11-25 00:00,0.724214232249033
,1997-11-26 00:00,0.746695642787926
,1997-11-27 00:00,0.678742649650195
,1997-11-28 00:00,0.717982215303147
,1997-11-29 00:00,0.68734051176187
,1997-11-30 00:00,0.615073586306312
,1997-12-01 00:00,0.677585966789207
,1997-12-02 00:00,0.591732335798976
,1997-12-03 00:00,0.462479925413199
,1997-12-04 00:00,0.575875744900097
,1997-12-05 00:00,0.445296427015668
,1997-12-06 00:00,0.379857749402666
,1997-12-07 00:00,0.527443583958747
,1997-12-08 00:00,0.546421441853881
,1997-12-09 00:00,0.558933246875553
,1997-12-10 00:00,0.527471323278455
,1997-12-11 00:00,0.485863788347243
,1997-12-12 00:00,0.550103745384831
,1997-12-13 00:00,0.591925251281423
,1997-12-14 00:00,0.563437138603334
,1997-12-15 00:00,0.474880572486922
,1997-12-16 00:00,0.39712307128873
,1997-12-17 00:00,0.387897382405347
,1997-12-18 00:00,0.442498856778715
,1997-12-19 00:00,0.468006240901436
,1997-12-20 00:00,0.487531107217962
,1997-12-21 00:00,0.543971495165184
,1997-12-22 00:00,0.529793658812733
,1997-12-23 00:00,0.492028539216418
,1997-12-24 00:00,0.504160938805889
,1997-12-25 00:00,0.447199697992252
,1997-12-26 00:00,0.445428314009098
,1997-12-27 00:00,0.478111979783545
,1997-12-28 00:00,0.481837498981651
,1997-12-29 00:00,0.507783152227497
,1997-12-30 00:00,0.48216406098247
,1997-12-31 00:00,0.506630194670523
,1998-01-01 00:00,0.544061590335092
,1998-01-02 00:00,0.462443407695031
,1998-01-03 00:00,0.567983834607976
,1998-01-04 00:00,0.570910275051981
,1998-01-05 00:00,0.566034633761931
,1998-01-06 00:00,0.40883192487749
,1998-01-07 00:00,0.463369926096769
,1998-01-08 00:00,0.554596953468555
,1998-01-09 00:00,0.48819585828407
,1998-01-10 00:00,0.611507852492927
,1998-01-11 00:00,0.688357811589956
,1998-01-12 00:00,0.495335204059963
,1998-01-13 00:00,0.561035348515416
,1998-01-14 00:00,0.626066695980185
,1998-01-15 00:00,0.632286781966371
,1998-01-16 00:00,0.69201979010842
,1998-01-17 00:00,0.74558783476241
,1998-01-18 00:00,0.705163293848229
,1998-01-19 00:00,0.646774506166964
,1998-01-20 00:00,0.697732140612068
,1998-01-21 00:00,0.749780604375941
,1998-01-22 00:00,0.720491497697817
,1998-01-23 00:00,0.759212386610224
,1998-01-24 00:00,0.73034350357102
,1998-01-25 00:00,0.715949234173557
,1998-01-26 00:00,0.71919440167525
,1998-01-27 00:00,0.711677688452576
,1998-01-28 00:00,0.717568848717209
,1998-01-29 00:00,0.731075509127761
,1998-01-30 00:00,0.741436909485443
,1998-01-31 00:00,0.761295657714216
,1998-02-01 00:00,0.749382292599965
,1998-02-02 00:00,0.729924774837006
,1998-02-03 00:00,0.77801144745456
,1998-02-04 00:00,0.867773484666302
,1998-02-05 00:00,0.94819961168911
,1998-02-06 00:00,1.01598154532558
,1998-02-07 00:00,0.979875616726204
,1998-02-08 00:00,1.04923408553494
,1998-02-09 00:00,0.968578179256709
,1998-02-10 00:00,1.12112376209604
,1998-02-11 00:00,1.16454588471271
,1998-02-12 00:00,1.21920535868493
,1998-02-13 00:00,1.29822920491459
,1998-02-14 00:00,1.35894920460791
,1998-02-15 00:00,1.33791324464171
,1998-02-16 00:00,1.31358476926733
,1998-02-17 00:00,1.40264972128225
,1998-02-18 00:00,1.25524214035581
,1998-02-19 00:00,1.32858162909822
,1998-02-20 00:00,1.40987506319131
,1998-02-21 00:00,1.38976632312446
,1998-02-22 00:00,1.23050971374524
,1998-02-23 00:00,1.19968353948775
,1998-02-24 00:00,1.4397747490137
,1998-02-25 00:00,1.49750559817214
,1998-02-26 00:00,1.44467147281497
,1998-02-27 00:00,1.50517673015881
,1998-02-28 00:00,1.347369032212
,1998-03-01 00:00,1.46347982344581
,1998-03-02 00:00,1.44215758552905
,1998-03-03 00:00,1.44871542912811
,1998-03-04 00:00,1.41931879563617
,1998-03-05 00:00,1.51022478295168
,1998-03-06 00:00,1.5714931588338
,1998-03-07 00:00,1.57754968402995
,1998-03-08 00:00,1.63478782791871
,1998-03-09 00:00,1.64717162902714
,1998-03-10 00:00,1.43808876214991
,1998-03-11 00:00,1.27488542504264
,1998-03-12 00:00,1.41897573404311
,1998-03-13 00:00,1.56626964979244
,1998-03-14 00:00,1.6637895585874
,1998-03-15 00:00,1.80384587731288
,1998-03-16 00:00,1.5934227636741
,1998-03-17 00:00,1.91929214456668
,1998-03-18 00:00,2.13458803893307
,1998-03-19 00:00,2.02293737290027
,1998-03-20 00:00,1.9842344746129
,1998-03-21 00:00,1.49753559213444
,1998-03-22 00:00,1.88491566182578
,1998-03-23 00:00,1.46007808831893
,1998-03-24 00:00,1.7696802827774
,1998-03-25 00:00,1.82792016001066
,1998-03-26 00:00,1.85920812650199
,1998-03-27 00:00,2.03170560582109
,1998-03-28 00:00,2.27655328954541
,1998-03-29 00:00,2.34764129675953
,1998-03-30 00:00,2.38328302381825
,1998-03-31 00:00,2.40565325340388
,1998-04-01 00:00,2.25294307310637
,1998-04-02 00:00,2.25685591274363
,1998-04-03 00:00,2.30028066227533
,1998-04-04 00:00,2.32908988630683
,1998-04-05 00:00,2.38932029064698
,1998-04-06 00:00,2.25211950939485
,1998-04-07 00:00,2.11717139246033
,1998-04-08 00:00,2.32644099330199
,1998-04-09 00:00,2.28775853307778
,1998-04-10 00:00,2.05941080530816
,1998-04-11 00:00,2.05854571845617
,1998-04-12 00:00,2.11253698818844
,1998-04-13 00:00,1.93747341921275
,1998-04-14 00:00,2.23811276623572
,1998-04-15 00:00,2.15304898684603
,1998-04-16 00:00,2.37688966621861
,1998-04-17 00:00,2.1844813630156
,1998-04-18 00:00,2.49604838382368
,1998-04-19 00:00,2.52511942621154
,1998-04-20 00:00,2.65712030520703
,1998-04-21 00:00,2.77721120441913
,1998-04-22 00:00,2.86355157000912
,1998-04-23 00:00,2.78080605652988
,1998-04-24 00:00,2.969859509331
,1998-04-25 00:00,2.95573811635787
,1998-04-26 00:00,2.99195936989114
,1998-04-27 00:00,2.8613189039619
,1998-04-28 00:00,2.4578657517878
,1998-04-29 00:00,2.50549207341619
,1998-04-30 00:00,2.5790376777915
,1998-05-01 00:00,2.6441481618933
,1998-05-02 00:00,2.85118868863686
,1998-05-03 00:00,2.99334358213239
,1998-05-04 00:00,2.95529896210063
,1998-05-05 00:00,3.00602309474653
,1998-05-06 00:00,2.84260685137468
,1998-05-07 00:00,3.09258018774155
,1998-05-08 00:00,3.27912068105197
,1998-05-09 00:00,3.38060149338451
,1998-05-10 00:00,3.41922822251543
,1998-05-11 00:00,3.45435504364673
,1998-05-12 00:00,3.52583363145464
,1998-05-13 00:00,3.50173586355826
,1998-05-14 00:00,3.35442536267404
,1998-05-15 00:00,3.33909996044278
,1998-05-16 00:00,3.15076648877482
,1998-05-17 00:00,2.80289941532328
,1998-05-18 00:00,3.00090947173819
,1998-05-19 00:00,3.36423554558125
,1998-05-20 00:00,3.44453789798079
,1998-05-21 00:00,3.37996643580679
,1998-05-22 00:00,3.35847408004337
,1998-05-23 00:00,3.20055946062171
,1998-05-24 00:00,2.91129739651859
,1998-05-25 00:00,3.13573081763155
,1998-05-26 00:00,3.22118406595992
,1998-05-27 00:00,3.29028691595149
,1998-05-28 00:00,3.10709151233096
,1998-05-29 00:00,2.99149923413743
,1998-05-30 00:00,3.32379477226781
,1998-05-31 00:00,3.30200345103207
,1998-06-01 00:00,3.47111595161679
,1998-06-02 00:00,3.46437156907236
,1998-06-03 00:00,3.62227546163086
,1998-06-04 00:00,3.67998000028648
,1998-06-05 00:00,3.75109492404807
,1998-06-06 00:00,3.75979086886677
,1998-06-07 00:00,3.58287672006066
,1998-06-08 00:00,3.48167023000599
,1998-06-09 00:00,3.63600525451398
,1998-06-10 00:00,3.52896881740815
,1998-06-11 00:00,3.24377807282417
,1998-06-12 00:00,3.05332764502593
,1998-06-13 00:00,3.33401373591728
,1998-06-14 00:00,3.34886966430361
,1998-06-15 00:00,3.0347732758269
,1998-06-16 00:00,3.37047091752475
,1998-06-17 00:00,3.41753946885827
,1998-06-18 00:00,3.47376608953893
,1998-06-19 00:00,3.59938839262964
,1998-06-20 00:00,3.68695829913493
,1998-06-21 00:00,3.71603976143488
,1998-06-22 00:00,3.66930696974769
,1998-06-23 00:00,3.46870715931805
,1998-06-24 00:00,3.57209163503279
,1998-06-25 00:00,3.66999891641114
,1998-06-26 00:00,3.6187688919752
,1998-06-27 00:00,3.73103690275177
,1998-06-28 00:00,3.73438540476795
,1998-06-29 00:00,3.72420980885747
,1998-06-30 00:00,3.4521835266491
,1998-07-01 00:00,3.61720335219852
,1998-07-02 00:00,3.79118781404868
,1998-07-03 00:00,3.57518308002834
,1998-07-04 00:00,3.64290008244466
,1998-07-05 00:00,3.63895033430961
,1998-07-06 00:00,3.59312274127133
,1998-07-07 00:00,3.51564866657589
,1998-07-08 00:00,3.54965609436454
,1998-07-09 00:00,3.55532306055062
,1998-07-10 00:00,3.5867594437695
,1998-07-11 00:00,3.56795805834894
,1998-07-12 00:00,3.62662444163917
,1998-07-13 00:00,3.6147461779341
,1998-07-14 00:00,3.29641015609994
,1998-07-15 00:00,3.41319360812236
,1998-07-16 00:00,3.4658091425548
,1998-07-17 00:00,3.85388131004528
,1998-07-18 00:00,3.55966700550056
,1998-07-19 00:00,3.66741374659703
,1998-07-20 00:00,3.74734079109439
,1998-07-21 00:00,3.76510424749019
,1998-07-22 00:00,3.72030751017108
,1998-07-23 00:00,3.77587139084624
,1998-07-24 00:00,3.77087293835024
,1998-07-25 00:00,3.69414613959607
,1998-07-26 00:00,3.63368010250029
,1998-07-27 00:00,3.62185633928666
,1998-07-28 00:00,3.50818867701127
,1998-07-29 00:00,3.51373321665229
,1998-07-30 00:00,3.54149511133236
,1998-07-31 00:00,3.55854953180175
,1998-08-01 00:00,3.59989485852887
,1998-08-02 00:00,3.66799937435096
,1998-08-03 00:00,3.3859613990453
,1998-08-04 00:00,3.6676292378019
,1998-08-05 00:00,3.55077744881741
,1998-08-06 00:00,3.48195475928174
,1998-08-07 00:00,3.5001673242442
,1998-08-08 00:00,3.58615183292712
,1998-08-09 00:00,3.60391724354225
,1998-08-10 00:00,3.61183311908272
,1998-08-11 00:00,3.5720564470943
,1998-08-12 00:00,3.51739188457989
,1998-08-13 00:00,3.54662073235757
,1998-08-14 00:00,3.4623640199715
,1998-08-15 00:00,3.4574563918283
,1998-08-16 00:00,3.44032034754681
,1998-08-17 00:00,3.42178754523833
,1998-08-18 00:00,3.26680969219565
,1998-08-19 00:00,3.21007414567116
,1998-08-20 00:00,3.01684786349434
,1998-08-21 00:00,3.23672982414639
,1998-08-22 00:00,3.23868886665757
,1998-08-23 00:00,3.19685906429623
,1998-08-24 00:00,3.11977108589868
,1998-08-25 00:00,3.09744228633357
,1998-08-26 00:00,3.08349476050499
,1998-08-27 00:00,3.04125213751853
,1998-08-28 00:00,2.78649963291794
,1998-08-29 00:00,2.81599636491312
,1998-08-30 00:00,2.7577938557786
,1998-08-31 00:00,2.83457370886823
,1998-09-01 00:00,2.84802894338873
,1998-09-02 00:00,2.8413580476879
,1998-09-03 00:00,2.8842727032273
,1998-09-04 00:00,2.83410671900927
,1998-09-05 00:00,2.62785544983331
,1998-09-06 00:00,2.80786031776909
,1998-09-07 00:00,2.72786802730351
,1998-09-08 00:00,2.6365065142285
,1998-09-09 00:00,2.81230632685905
,1998-09-10 00:00,2.77220500890641
,1998-09-11 00:00,2.61475801115164
,1998-09-12 00:00,2.36386628237549
,1998-09-13 00:00,2.3292821258912
,1998-09-14 00:00,2.32561484601234
,1998-09-15 00:00,2.36044308994749
,1998-09-16 00:00,2.38559717830764
,1998-09-17 00:00,2.46903978086783
,1998-09-18 00:00,2.43354287949831
,1998-09-19 00:00,2.36352711859149
,1998-09-20 00:00,2.36671829110272
,1998-09-21 00:00,2.37919941972006
,1998-09-22 00:00,2.2794902152274
,1998-09-23 00:00,2.29558365263754
,1998-09-24 00:00,2.28852935568456
,1998-09-25 00:00,2.11650403198922
,1998-09-26 00:00,2.15861671902116
,1998-09-27 00:00,1.96913442810243
,1998-09-28 00:00,1.93176921486279
,1998-09-29 00:00,1.9461059159862
,1998-09-30 00:00,1.82476604697453
,1998-10-01 00:00,1.84187072916726
,1998-10-02 00:00,1.82728478921897
,1998-10-03 00:00,1.78689029468103
,1998-10-04 00:00,1.5943026519417
,1998-10-05 00:00,1.60021794046223
,1998-10-06 00:00,1.65489625394885
,1998-10-07 00:00,1.59088629400783
,1998-10-08 00:00,1.56606266338252
,1998-10-09 00:00,1.65143597473882
,1998-10-10 00:00,1.64462297817556
,1998-10-11 00:00,1.59916409876423
,1998-10-12 00:00,1.56018443303223
,1998-10-13 00:00,1.62352327636785
,1998-10-14 00:00,1.56772685326533
,1998-10-15 00:00,1.58077388312203
,1998-10-16 00:00,1.55730127821577
,1998-10-17 00:00,1.49069436645426
,1998-10-18 00:00,1.45891426853215
,1998-10-19 00:00,1.36707958770775
,1998-10-20 00:00,1.42231560989142
,1998-10-21 00:00,1.30847605406174
,1998-10-22 00:00,1.35756413362417
,1998-10-23 00:00,1.41163222444878
,1998-10-24 00:00,1.37443045455714
,1998-10-25 00:00,1.16200153397324
,1998-10-26 00:00,1.33765103594821
,1998-10-27 00:00,1.28243768932768
,1998-10-28 00:00,1.23984248828071
,1998-10-29 00:00,1.18338023709692
,1998-10-30 00:00,1.21752096887513
,1998-10-31 00:00,1.12529424158827
,1998-11-01 00:00,1.11260350744732
,1998-11-02 00:00,1.14534404104963
,1998-11-03 00:00,1.10644054107733
,1998-11-04 00:00,1.03512775885965
,1998-11-05 00:00,1.09052315116388
,1998-11-06 00:00,1.01551262679749
,1998-11-07 00:00,1.01064964712837
,1998-11-08 00:00,0.968452909048519
,1998-11-09 00:00,0.951513342686134
,1998-11-10 00:00,0.944142476380863
,1998-11-11 00:00,0.968105758992966
,1998-11-12 00:00,0.868292263688157
,1998-11-13 00:00,0.868944653816014
,1998-11-14 00:00,0.775916550356984
,1998-11-15 00:00,0.85839019361818
,1998-11-16 00:00,0.821307751516074
,1998-11-17 00:00,0.819039685120979
,1998-11-18 00:00,0.722552289054765
,1998-11-19 00:00,0.726083879042037
,1998-11-20 00:00,0.678119512867578
,1998-11-21 00:00,0.635688169679353
,1998-11-22 00:00,0.612164368528534
,1998-11-23 00:00,0.661260532035235
,1998-11-24 00:00,0.668125370743857
,1998-11-25 00:00,0.648701880939444
,1998-11-26 00:00,0.696475727718574
,1998-11-27 00:00,0.614727461788643
,1998-11-28 00:00,0.689875775770178
,1998-11-29 00:00,0.652105869447137
,1998-11-30 00:00,0.571498644056423
,1998-12-01 00:00,0.650420653570153
,1998-12-02 00:00,0.495160907706889
,1998-12-03 00:00,0.489065346696294
,1998-12-04 00:00,0.575229229208319
,1998-12-05 00:00,0.457275986864513
,1998-12-06 00:00,0.398317017576196
,1998-12-07 00:00,0.522181387992277
,1998-12-08 00:00,0.504179995786025
,1998-12-09 00:00,0.477079487621579
,1998-12-10 00:00,0.435181934907882
,1998-12-11 00:00,0.445747480334327
,1998-12-12 00:00,0.529761393199722
,1998-12-13 00:00,0.50977712670024
,1998-12-14 00:00,0.563389126552832
,1998-12-15 00:00,0.520047328711854
,1998-12-16 00:00,0.537796153644328
,1998-12-17 00:00,0.523368071268602
,1998-12-18 00:00,0.518573230185626
,1998-12-19 00:00,0.483973041880918
,1998-12-20 00:00,0.450178659889227
,1998-12-21 00:00,0.499237121123332
,1998-12-22 00:00,0.473139988397102
,1998-12-23 00:00,0.412764010602993
,1998-12-24 00:00,0.392567780426514
,1998-12-25 00:00,0.453482163302324
,1998-12-26 00:00,0.454657493392909
,1998-12-27 00:00,0.449043150509191
,1998-12-28 00:00,0.451874130228032
,1998-12-29 00:00,0.517502628351087
,1998-12-30 00:00,0.529811377059616
,1998-12-31 00:00,0.499332476988246
